{
  "loss": [
    0.09115587919950485,
    0.055867698043584824,
    0.04267659783363342,
    0.03180835768580437,
    0.025164581835269928,
    0.02155991829931736,
    0.019461143761873245,
    0.017984924837946892,
    0.016353100538253784,
    0.015242576599121094,
    0.01368267647922039,
    0.012795958667993546,
    0.011985310353338718,
    0.010999124497175217,
    0.01060076616704464,
    0.010261813178658485,
    0.009775141254067421,
    0.009359062649309635,
    0.009298733435571194,
    0.008907313458621502,
    0.008539199829101562,
    0.008230118080973625,
    0.008204895071685314,
    0.008227210491895676,
    0.0077701956033706665,
    0.007617187220603228,
    0.007516577374190092,
    0.007438415661454201,
    0.007155079860240221,
    0.007129580248147249,
    0.006923822220414877,
    0.0068980311043560505,
    0.006715269759297371,
    0.006521460600197315,
    0.006425488740205765,
    0.006321115419268608,
    0.006102200131863356,
    0.006342319771647453,
    0.005968722980469465,
    0.005784941837191582,
    0.005904915276914835,
    0.005569980945438147,
    0.0055106827057898045,
    0.005397956818342209,
    0.005249856971204281,
    0.00515269860625267,
    0.005113634280860424,
    0.004986348561942577,
    0.004894638899713755,
    0.004838746972382069,
    0.004758642986416817,
    0.004591374192386866,
    0.004694479983299971,
    0.0044327969662845135,
    0.004512258805334568,
    0.004312614910304546,
    0.00448552006855607,
    0.004152779933065176,
    0.004243485629558563,
    0.004163872916251421,
    0.00405255937948823,
    0.004082970321178436,
    0.003977592568844557,
    0.004075083415955305,
    0.003833442460745573,
    0.0038661251310259104,
    0.0037405763287097216,
    0.0038302286993712187,
    0.0037316828966140747,
    0.003758704522624612,
    0.003565334714949131,
    0.0036175374407321215,
    0.0035340264439582825,
    0.0036545665934681892,
    0.0034788628108799458,
    0.003489471273496747,
    0.0034724362194538116,
    0.00338695733807981,
    0.0033675776794552803,
    0.003348354483023286,
    0.0033861997071653605,
    0.0032173527870327234
  ],
  "mae": [
    0.2584056854248047,
    0.18312975764274597,
    0.1556980162858963,
    0.13283967971801758,
    0.11565838009119034,
    0.10499643534421921,
    0.09841964393854141,
    0.09398268908262253,
    0.088828444480896,
    0.0856592208147049,
    0.08058807253837585,
    0.07793860137462616,
    0.07496276497840881,
    0.07126862555742264,
    0.06990774720907211,
    0.06880592554807663,
    0.06671420484781265,
    0.06494226306676865,
    0.06478215008974075,
    0.0630277693271637,
    0.06128477305173874,
    0.059900518506765366,
    0.05993945896625519,
    0.06017378345131874,
    0.05795668438076973,
    0.05715397000312805,
    0.056786004453897476,
    0.05641505867242813,
    0.0549774207174778,
    0.05487633869051933,
    0.05396376550197601,
    0.05406846106052399,
    0.052764229476451874,
    0.051959600299596786,
    0.051257770508527756,
    0.051001451909542084,
    0.04960453510284424,
    0.05151493474841118,
    0.049382284283638,
    0.048440154641866684,
    0.04931236803531647,
    0.047476548701524734,
    0.04726805165410042,
    0.04672014340758324,
    0.04581807181239128,
    0.045345794409513474,
    0.045251425355672836,
    0.04450086131691933,
    0.04369286820292473,
    0.04345088079571724,
    0.04323382303118706,
    0.04216849058866501,
    0.04304946959018707,
    0.041168734431266785,
    0.041965264827013016,
    0.04034753143787384,
    0.04183754697442055,
    0.03950595483183861,
    0.04028913378715515,
    0.039802782237529755,
    0.03902516886591911,
    0.03943893313407898,
    0.03857509419322014,
    0.03942503407597542,
    0.037628211081027985,
    0.038049276918172836,
    0.03705260157585144,
    0.03784022852778435,
    0.037256620824337006,
    0.037520017474889755,
    0.03598255664110184,
    0.03649034723639488,
    0.03585365414619446,
    0.03690658137202263,
    0.03552278131246567,
    0.03569956123828888,
    0.035483814775943756,
    0.03503932058811188,
    0.03497815504670143,
    0.03473430871963501,
    0.035112421959638596,
    0.03393695503473282
  ],
  "val_loss": [
    0.07822408527135849,
    0.06316953152418137,
    0.055556103587150574,
    0.05707327648997307,
    0.054446030408144,
    0.05003602057695389,
    0.04539383202791214,
    0.041455380618572235,
    0.04259903356432915,
    0.038486551493406296,
    0.0331328883767128,
    0.03338604420423508,
    0.02998565509915352,
    0.028531208634376526,
    0.02807384543120861,
    0.028668349608778954,
    0.028414107859134674,
    0.030886951833963394,
    0.027171583846211433,
    0.0292500127106905,
    0.026980094611644745,
    0.028848351910710335,
    0.026211287826299667,
    0.030519582331180573,
    0.032185472548007965,
    0.02660541795194149,
    0.026106009259819984,
    0.02752929925918579,
    0.025804933160543442,
    0.025892334058880806,
    0.02502700313925743,
    0.02655738778412342,
    0.025269033387303352,
    0.026019927114248276,
    0.024737853556871414,
    0.027805304154753685,
    0.02610521949827671,
    0.026200324296951294,
    0.024018825963139534,
    0.022180261090397835,
    0.02268659882247448,
    0.02350209280848503,
    0.022240526974201202,
    0.02258923090994358,
    0.022323274984955788,
    0.022452883422374725,
    0.021215008571743965,
    0.0224936343729496,
    0.021789293736219406,
    0.0222108606249094,
    0.021313315257430077,
    0.02217968739569187,
    0.020967304706573486,
    0.02013866975903511,
    0.020737819373607635,
    0.021190736442804337,
    0.01964723877608776,
    0.020733442157506943,
    0.019309140741825104,
    0.019964279606938362,
    0.022038938477635384,
    0.02158154919743538,
    0.019461626186966896,
    0.01968279480934143,
    0.02086446061730385,
    0.0198381207883358,
    0.019490256905555725,
    0.019843963906168938,
    0.019210070371627808,
    0.018893882632255554,
    0.018782000988721848,
    0.01798526756465435,
    0.020839523524045944,
    0.01867320016026497,
    0.020110493525862694,
    0.018030282109975815,
    0.0182284414768219,
    0.01835254393517971,
    0.01854277215898037,
    0.018787527456879616,
    0.018549436703324318,
    0.019884077832102776
  ],