{
  "loss": [
    0.07416229695081711,
    0.03165579214692116,
    0.020021935924887657,
    0.015776263549923897,
    0.012672437354922295,
    0.010536747984588146,
    0.00944869127124548,
    0.008313720114529133,
    0.007653540465980768,
    0.006952585186809301,
    0.006678350269794464,
    0.006247382611036301,
    0.005963605362921953,
    0.0054728928953409195,
    0.005397092085331678,
    0.005118788219988346,
    0.004989164881408215,
    0.0047374446876347065,
    0.004621891770511866,
    0.004483220167458057,
    0.004324877168983221,
    0.004151631612330675,
    0.004063715226948261,
    0.003982475958764553,
    0.003791854251176119,
    0.0037452909164130688
  ],
  "mae": [
    0.2224203199148178,
    0.13229769468307495,
    0.10314767062664032,
    0.08938156068325043,
    0.07865998893976212,
    0.07090272009372711,
    0.06667894870042801,
    0.06196393072605133,
    0.059218380600214005,
    0.05587809905409813,
    0.05453987792134285,
    0.052375152707099915,
    0.050914887338876724,
    0.04819042608141899,
    0.0479593388736248,
    0.04633018374443054,
    0.04568982869386673,
    0.044083282351493835,
    0.04358185455203056,
    0.042879365384578705,
    0.04194948449730873,
    0.040827345103025436,
    0.04045408219099045,
    0.039848923683166504,
    0.03875347599387169,
    0.03864745423197746
  ],
  "val_loss": [
    0.06079252436757088,
    0.0495167151093483,
    0.03732758387923241,
    0.029972050338983536,
    0.026062767952680588,
    0.024695992469787598,
    0.02270057611167431,
    0.023657692596316338,
    0.024355174973607063,
    0.020706215873360634,
    0.020633460953831673,
    0.020559625700116158,
    0.02027081698179245,
    0.019038956612348557,
    0.01825399324297905,
    0.017822638154029846,
    0.018933188170194626,
    0.01857016421854496,
    0.019045816734433174,
    0.017914248630404472,
    0.018167996779084206,
    0.018811725080013275,
    0.018813304603099823,
    0.018141118809580803,
    0.018813367933034897,
    0.017865534871816635
  ],
  "val_mae": [
    0.19212114810943604,
    0.16588009893894196,
    0.14225809276103973,
    0.12888771295547485,
    0.11858438700437546,
    0.11953870952129364,
    0.10861430317163467,
    0.10740076005458832,
    0.10747473686933517,
    0.10224519670009613,
    0.10160482674837112,
    0.10059274733066559,
    0.10465968400239944,
    0.09951991587877274,
    0.0958075001835823,
    0.09627579152584076,
    0.09808877855539322,
    0.09639149904251099,
    0.09758508950471878,
    0.09412608295679092,
    0.09492241591215134,
    0.09651938080787659,
    0.09697528928518295,
    0.09481744468212128,
    0.09523279964923859,
    0.09334708750247955
  ],
  "metadata": {
    "time_scale": 10,
    "total_epochs": 26,
    "batch_size": 128,
    "validation_split": 0.1,
    "total_samples": 9846,
    "final_loss": 0.0037452909164130688,
    "final_val_loss": 0.017865534871816635,
    "best_val_loss": 0.017822638154029846,
    "best_epoch": 16
  }
}