{
  "loss": [
    0.018423641100525856,
    0.0048490543849766254,
    0.0030983651522547007,
    0.0021935829427093267,
    0.001639953930862248,
    0.0013400998432189226,
    0.0011502493871375918,
    0.0010114051401615143,
    0.0008928156457841396,
    0.0008101878920570016,
    0.0007363159093074501,
    0.0006836347165517509,
    0.0006392401410266757,
    0.000601115170866251,
    0.0005699283210560679,
    0.0005401978269219398,
    0.0005147553747519851,
    0.0004946530680172145,
    0.0004748182254843414,
    0.0004564526316244155,
    0.0004416479205247015,
    0.0004253267543390393,
    0.00041498581413179636,
    0.0004026038805022836,
    0.00039092410588636994,
    0.0003792612114921212,
    0.0003701772366184741,
    0.0003609815030358732,
    0.00035258973366580904,
    0.00034407072234898806
  ],
  "mae": [
    0.09134744852781296,
    0.04725232347846031,
    0.03685374930500984,
    0.030670618638396263,
    0.02648446150124073,
    0.02384117990732193,
    0.02188999205827713,
    0.020358091220259666,
    0.019121382385492325,
    0.01811583712697029,
    0.017209654673933983,
    0.01651288941502571,
    0.015920640900731087,
    0.015351921319961548,
    0.014933356083929539,
    0.014456825330853462,
    0.014050272293388844,
    0.013739277608692646,
    0.013459446839988232,
    0.013087342493236065,
    0.012902636080980301,
    0.012591534294188023,
    0.012406531721353531,
    0.012219784781336784,
    0.012031503953039646,
    0.011794527992606163,
    0.011674382723867893,
    0.011487605050206184,
    0.011332779191434383,
    0.011203673668205738
  ],
  "val_loss": [
    0.030550166964530945,
    0.021939631551504135,
    0.01716776005923748,
    0.015933793038129807,
    0.013898364268243313,
    0.014591429382562637,
    0.012561124749481678,
    0.011727258563041687,
    0.01069983746856451,
    0.01150271575897932,
    0.01061299443244934,
    0.00987069122493267,
    0.008166025392711163,
    0.008640221320092678,
    0.008092566393315792,
    0.008593117818236351,
    0.008069277741014957,
    0.007917800918221474,
    0.007498139515519142,
    0.006759878247976303,
    0.007169740740209818,
    0.007161804474890232,
    0.007566488813608885,
    0.006982170511037111,
    0.00731927715241909,
    0.007165823597460985,
    0.007079795002937317,
    0.007802959997206926,
    0.007438291795551777,
    0.007329038809984922
  ],
  "val_mae": [
    0.1234702467918396,
    0.10923647880554199,
    0.09678163379430771,
    0.0909934714436531,
    0.08305834233760834,
    0.08380433917045593,
    0.0778111070394516,
    0.0736587792634964,
    0.07084626704454422,
    0.07387495040893555,
    0.07242653518915176,
    0.07020946592092514,
    0.06111070513725281,
    0.06299848109483719,
    0.06291095912456512,
    0.06528804451227188,
    0.06415822356939316,
    0.061661675572395325,
    0.05955735221505165,
    0.057396262884140015,
    0.058879368007183075,
    0.058177415281534195,
    0.06094852089881897,
    0.05880953371524811,
    0.059102170169353485,
    0.0590265616774559,
    0.05849830433726311,
    0.06278350204229355,
    0.05924784392118454,
    0.0589689277112484
  ],
  "metadata": {
    "time_scale": 1,
    "total_epochs": 30,
    "batch_size": 128,
    "validation_split": 0.1,
    "total_samples": 98893,
    "final_loss": 0.00034407072234898806,
    "final_val_loss": 0.007329038809984922,
    "best_val_loss": 0.006759878247976303,
    "best_epoch": 20
  }
}