{
  "loss": [
    0.10160911083221436,
    0.08769740909337997,
    0.0650610402226448,
    0.056510381400585175,
    0.050445836037397385,
    0.045871347188949585,
    0.03941265121102333,
    0.034180112183094025,
    0.03012937121093273,
    0.027073947712779045,
    0.02536863461136818,
    0.02433878928422928,
    0.022556886076927185,
    0.021044785156846046,
    0.02061104029417038,
    0.020032742992043495,
    0.019196104258298874,
    0.017711518332362175,
    0.017766889184713364,
    0.017335781827569008,
    0.016475293785333633,
    0.01583782583475113,
    0.015207028016448021,
    0.015692399814724922,
    0.014670653268694878,
    0.014504075050354004,
    0.013869012705981731,
    0.014097936451435089,
    0.013052823022007942,
    0.014666447415947914,
    0.012735513970255852,
    0.012732764706015587,
    0.012509476393461227,
    0.012384261935949326,
    0.012453989125788212,
    0.01221590768545866,
    0.011752363294363022,
    0.01206305343657732,
    0.011193463578820229,
    0.011041946709156036,
    0.012123286724090576,
    0.010701862163841724,
    0.011181085370481014,
    0.01066521741449833,
    0.010555851273238659,
    0.010747671127319336,
    0.010078988038003445,
    0.010668141767382622,
    0.009746666997671127,
    0.010692885145545006,
    0.009596522897481918,
    0.009870287962257862,
    0.009723966009914875,
    0.009475908242166042,
    0.009745003655552864,
    0.00929732620716095,
    0.009358033537864685,
    0.009119343012571335,
    0.009073847904801369,
    0.009014271199703217,
    0.008943868800997734,
    0.008958764374256134,
    0.008526274003088474,
    0.008600540459156036,
    0.008833524771034718,
    0.00835823081433773,
    0.008503823541104794,
    0.008088523522019386,
    0.008794104680418968,
    0.00789337232708931,
    0.008876560255885124,
    0.007779219653457403,
    0.008156424388289452,
    0.007943221367895603,
    0.007772968150675297,
    0.007911359891295433,
    0.00815338734537363,
    0.007687623146921396,
    0.007505382876843214,
    0.007724264170974493,
    0.007901767268776894,
    0.007295066490769386,
    0.007802675478160381,
    0.007120552007108927,
    0.007619715761393309,
    0.007049203850328922,
    0.008260032162070274,
    0.006954609416425228,
    0.0070611415430903435,
    0.007004215847700834,
    0.007398857735097408
  ],
  "mae": [
    0.27806463837623596,
    0.25408241152763367,
    0.20374709367752075,
    0.18443721532821655,
    0.17177258431911469,
    0.1626068651676178,
    0.14945939183235168,
    0.13755866885185242,
    0.1272997409105301,
    0.11851781606674194,
    0.11353583633899689,
    0.1106807291507721,
    0.10537449270486832,
    0.10096096247434616,
    0.09968657046556473,
    0.09840170294046402,
    0.09583926945924759,
    0.09090206772089005,
    0.0914655327796936,
    0.09009594470262527,
    0.08725711703300476,
    0.08520331978797913,
    0.08272147923707962,
    0.08487037569284439,
    0.08111696690320969,
    0.08057074248790741,
    0.0781286284327507,
    0.07919781655073166,
    0.07497718930244446,
    0.08167411386966705,
    0.07407931238412857,
    0.0741182342171669,
    0.07331948727369308,
    0.0729828029870987,
    0.07339997589588165,
    0.07250788062810898,
    0.0704389289021492,
    0.07223940640687943,
    0.06819146871566772,
    0.06749498844146729,
    0.07252915948629379,
    0.06614097207784653,
    0.06869962066411972,
    0.06614311784505844,
    0.06576735526323318,
    0.06691725552082062,
    0.06356402486562729,
    0.06680092215538025,
    0.062006816267967224,
    0.0668569877743721,
    0.06144485995173454,
    0.06301962584257126,
    0.06232593208551407,
    0.06108544394373894,
    0.06267767399549484,
    0.06041751429438591,
    0.060789160430431366,
    0.059518180787563324,
    0.05938981473445892,
    0.05928207188844681,
    0.0589466467499733,
    0.05910348892211914,
    0.05661481246352196,
    0.057162947952747345,
    0.05871618911623955,
    0.055909451097249985,
    0.05685582384467125,
    0.054327722638845444,
    0.058524589985609055,
    0.05336635559797287,
    0.05926824361085892,
    0.05299123004078865,
    0.0554979108273983,
    0.05427999794483185,
    0.05324545502662659,
    0.054233018308877945,
    0.055856361985206604,
    0.05311361327767372,
    0.051790811121463776,
    0.05343114212155342,
    0.05457437410950661,
    0.0508076548576355,
    0.053990818560123444,
    0.04974253848195076,
    0.05326689034700394,
    0.04950564727187157,
    0.05680321902036667,
    0.04911931976675987,
    0.049832478165626526,
    0.049685366451740265,
    0.05259208008646965
  ],
  "val_loss": [
    0.10452614724636078,
    0.08220881223678589,
    0.07330238074064255,
    0.07089737057685852,
    0.06766343861818314,
    0.0649590939283371,
    0.06114184483885765,
    0.05600250884890556,
    0.05106823146343231,
    0.04852219298481941,
    0.0456295907497406,
    0.046138398349285126,
    0.04582369327545166,
    0.04243422672152519,
    0.043509770184755325,
    0.04189508408308029,
    0.042550329118967056,
    0.04528829827904701,
    0.04062940552830696,
    0.04109756648540497,
    0.041154760867357254,
    0.0411202535033226,
    0.046860843896865845,
    0.037899695336818695,
    0.037121258676052094,
    0.042205918580293655,
    0.037167325615882874,
    0.037937652319669724,
    0.036506060510873795,
    0.04009244963526726,
    0.03634105622768402,
    0.038828976452350616,
    0.03494074195623398,
    0.03581018000841141,
    0.03733498230576515,
    0.03544562682509422,
    0.03558677062392235,
    0.03562811762094498,
    0.03474010154604912,
    0.03566166013479233,
    0.03610944002866745,
    0.03419892489910126,
    0.03442802652716637,
    0.03500251844525337,
    0.03482099622488022,
    0.03225838020443916,
    0.034325189888477325,
    0.03516211360692978,
    0.0329991951584816,
    0.033230945467948914,
    0.03278666362166405,
    0.030887184664607048,
    0.0324636809527874,
    0.03291412815451622,
    0.030478311702609062,
    0.030703416094183922,
    0.03182492405176163,
    0.030704092234373093,
    0.032257258892059326,
    0.032147116959095,
    0.030343636870384216,
    0.03065476380288601,
    0.027437904849648476,
    0.02838391251862049,
    0.028454704210162163,
    0.031497228890657425,
    0.02701573632657528,
    0.029789449647068977,
    0.028256569057703018,
    0.026028702035546303,
    0.02626173198223114,
    0.028322666883468628,
    0.02645369991660118,
    0.02877236343920231,
    0.0253208726644516,
    0.023815061897039413,
    0.026097731664776802,
    0.026236390694975853,
    0.027284257113933563,
    0.02582872286438942,
    0.02327374741435051,
    0.023760797455906868,
    0.02570677548646927,
    0.023989126086235046,
    0.024297304451465607,
    0.024851534515619278,
    0.02455156296491623,
    0.026189099997282028,
    0.026532089337706566,
    0.02407989650964737,
    0.02557581104338169
  ],